wine,alcohol,color_intensity,flavanoids,od280_od315_ratio,proline_malic_acid_ratio
wine_0,14.23,5.64,3.06,3.92,622.8070175438596
wine_0,13.2,4.38,2.76,3.4,589.8876404494382
wine_0,13.16,5.68,3.24,3.17,502.11864406779665
wine_0,14.37,7.8,3.49,3.45,758.974358974359
wine_0,13.24,4.32,2.69,2.93,283.7837837837838
wine_0,14.2,6.75,3.39,2.85,823.8636363636364
wine_0,14.39,5.25,2.52,3.58,689.8395721925133
wine_0,14.06,5.05,2.51,3.58,602.3255813953489
wine_0,14.83,5.2,2.98,2.85,637.1951219512196
wine_0,13.86,7.22,3.15,3.55,774.074074074074
wine_0,14.1,5.75,3.32,3.17,699.074074074074
wine_0,14.12,5.0,2.43,2.82,864.8648648648649
wine_0,13.75,5.6,2.76,2.9,763.0057803468209
wine_0,14.75,5.4,3.69,2.73,664.7398843930636
wine_0,14.38,7.5,3.64,3.0,827.2727272727273
wine_0,13.63,7.3,2.91,2.88,723.756906077348
wine_0,14.3,6.2,3.14,2.65,666.6666666666667
wine_0,13.83,6.6,3.4,2.57,719.7452229299363
wine_0,14.19,8.7,3.93,2.82,1056.6037735849056
wine_0,13.64,5.1,3.03,3.36,272.5806451612903
wine_0,14.06,5.65,3.17,3.71,478.52760736196325
wine_0,12.93,4.5,2.41,3.52,202.63157894736844
wine_0,13.71,3.8,2.88,4.0,556.4516129032257
wine_0,12.85,3.93,2.37,3.63,634.375
wine_0,13.5,3.52,2.61,3.82,466.8508287292818
wine_0,13.05,3.58,2.68,3.2,404.87804878048786
wine_0,13.39,4.8,2.94,3.22,675.1412429378531
wine_0,13.3,3.95,2.19,2.77,747.0930232558139
wine_0,13.87,4.5,2.97,3.4,481.5789473684211
wine_0,14.02,4.7,2.33,3.59,616.0714285714286
wine_0,13.73,5.7,3.25,2.71,856.6666666666666
wine_0,13.58,6.9,3.19,2.88,912.6506024096386
wine_0,13.68,3.84,2.69,2.87,540.983606557377
wine_0,13.76,5.4,2.74,3.0,807.1895424836601
wine_0,13.51,4.2,2.53,2.87,608.3333333333334
wine_0,13.48,5.1,2.98,3.47,508.28729281767954
wine_0,13.28,4.6,2.68,2.78,536.5853658536586
wine_0,13.05,4.25,2.43,2.51,669.6969696969697
wine_0,13.07,3.7,2.64,2.69,680.0
wine_0,14.22,5.1,3.04,3.53,190.47619047619045
wine_0,13.56,6.13,3.29,3.38,464.9122807017544
wine_0,13.41,4.28,2.68,3.0,269.53125
wine_0,13.88,5.43,3.56,3.56,579.3650793650794
wine_0,13.24,4.36,2.63,3.0,170.85427135678393
wine_0,13.05,5.04,3.0,3.35,500.0
wine_0,14.21,5.24,2.65,3.33,267.3267326732673
wine_0,14.38,4.9,3.17,3.44,296.6573816155989
wine_0,13.9,6.1,3.39,3.33,586.3095238095239
wine_0,14.1,6.2,2.92,2.75,524.7524752475248
wine_0,13.94,8.9,3.54,3.1,728.3236994219653
wine_0,13.05,7.2,3.27,2.91,664.7398843930636
wine_0,13.83,5.6,2.99,3.37,766.6666666666667
wine_0,13.82,7.05,3.74,3.26,680.0
wine_0,13.77,6.3,2.79,2.93,723.6842105263158
wine_0,13.74,5.85,2.9,3.2,634.7305389221557
wine_0,13.56,6.25,2.78,3.03,647.3988439306358
wine_0,14.22,6.38,3.0,3.31,570.5882352941177
wine_0,13.29,6.0,3.23,2.84,644.6700507614213
wine_0,13.72,6.8,3.67,2.87,898.6013986013986
wine_1,12.37,1.95,0.57,1.82,553.1914893617021
wine_1,12.33,3.27,1.09,1.67,618.1818181818181
wine_1,12.64,5.75,1.41,1.59,330.88235294117646
wine_1,13.67,3.8,1.79,2.46,504.0
wine_1,12.37,4.45,3.1,2.87,371.6814159292036
wine_1,12.17,2.95,1.75,2.23,244.82758620689657
wine_1,12.37,4.6,2.65,2.3,560.3305785123968
wine_1,13.11,5.3,3.18,3.18,497.029702970297
wine_1,12.37,4.68,2.0,3.48,435.8974358974359
wine_1,13.34,3.17,1.3,1.93,797.872340425532
wine_1,12.21,2.85,1.28,3.07,603.3613445378152
wine_1,12.29,3.05,1.02,1.82,540.3726708074533
wine_1,13.86,3.38,2.86,3.16,271.52317880794703
wine_1,13.49,3.74,1.84,2.78,284.3373493975904
wine_1,12.99,3.35,2.89,3.5,589.8203592814372
wine_1,11.96,3.21,2.14,3.13,812.8440366972477
wine_1,11.66,3.8,1.57,2.14,227.6595744680851
wine_1,13.03,4.6,2.03,2.48,435.55555555555554
wine_1,11.84,2.65,1.32,2.52,173.01038062283737
wine_1,12.33,3.4,1.85,2.31,757.5757575757576
wine_1,12.7,2.57,2.55,3.13,119.63824289405684
wine_1,12.0,2.5,2.26,3.12,302.17391304347825
wine_1,12.72,3.9,2.53,3.14,394.47513812154693
wine_1,12.08,2.2,1.58,2.72,557.5221238938053
wine_1,13.05,4.8,1.59,2.01,133.41968911917098
wine_1,11.84,3.05,2.21,3.08,584.2696629213483
wine_1,12.67,2.62,1.94,3.16,459.18367346938777
wine_1,12.16,2.45,1.69,2.26,307.4534161490683
wine_1,11.65,2.6,1.61,3.21,336.52694610778445
wine_1,11.64,2.8,1.69,2.75,330.09708737864077
wine_1,12.08,1.74,1.59,3.21,469.92481203007515
wine_1,12.08,2.4,1.5,2.27,262.2950819672131
wine_1,12.0,3.6,1.25,2.65,298.0132450331126
wine_1,12.69,3.05,1.46,2.06,323.52941176470586
wine_1,12.29,2.15,2.25,3.3,102.47349823321555
wine_1,11.62,3.25,2.26,2.96,173.36683417085428
wine_1,12.47,2.6,2.27,2.63,616.4473684210526
wine_1,11.81,2.5,0.99,2.26,294.811320754717
wine_1,12.29,2.9,2.5,2.74,303.54609929078015
wine_1,12.37,4.5,3.75,2.77,616.822429906542
wine_1,12.29,2.3,2.99,2.83,128.07570977917982
wine_1,12.08,3.3,2.17,2.96,341.3461538461538
wine_1,12.6,2.45,1.36,2.77,419.4029850746268
wine_1,12.34,2.8,2.11,3.38,178.77551020408163
wine_1,11.82,2.06,1.64,2.44,241.27906976744185
wine_1,12.51,2.94,1.92,3.57,388.4393063583815
wine_1,12.42,2.7,1.84,3.3,123.52941176470588
wine_1,12.25,3.4,2.03,3.17,294.7976878612717
wine_1,12.72,3.3,1.76,2.42,278.85714285714283
wine_1,12.22,2.7,2.04,3.02,241.86046511627907
wine_1,11.61,2.65,2.92,3.26,503.7037037037037
wine_1,11.46,2.9,2.58,2.81,150.26737967914437
wine_1,12.52,2.0,2.27,2.78,133.7448559670782
wine_1,11.76,3.8,2.03,2.5,226.49253731343282
wine_1,11.41,3.08,2.01,2.31,586.4864864864865
wine_1,12.08,2.9,2.29,3.19,276.9784172661871
wine_1,11.03,1.9,2.17,2.87,269.5364238410596
wine_1,11.82,1.95,1.6,3.33,336.734693877551
wine_1,12.42,2.06,2.09,2.96,214.28571428571428
wine_1,12.77,3.4,1.25,2.12,108.45481049562682
wine_1,12.0,1.28,1.64,3.05,164.43148688046645
wine_1,11.45,3.25,2.79,3.39,260.4166666666667
wine_1,11.56,6.0,5.08,3.69,226.82926829268294
wine_1,12.42,2.08,2.13,3.12,82.39277652370204
wine_1,13.05,2.6,2.65,3.1,65.51724137931035
wine_1,11.87,2.8,3.03,3.64,88.16705336426915
wine_1,12.07,2.76,2.65,3.28,175.0
wine_1,12.43,3.94,3.15,2.84,230.0653594771242
wine_1,11.79,3.0,2.24,2.44,218.7793427230047
wine_1,12.37,2.12,2.45,2.78,209.8159509202454
wine_1,12.04,2.6,1.75,2.57,134.88372093023256
wine_2,12.86,4.1,1.25,1.29,466.66666666666663
wine_2,12.88,5.4,1.22,1.42,177.25752508361202
wine_2,12.81,5.7,1.09,1.36,242.4242424242424
wine_2,12.7,5.0,1.2,1.29,169.01408450704227
wine_2,12.51,5.45,0.58,1.51,524.1935483870968
wine_2,12.6,7.1,0.66,1.58,282.520325203252
wine_2,12.25,3.85,0.47,1.27,152.54237288135593
wine_2,12.53,5.0,0.6,1.69,93.46642468239565
wine_2,13.49,5.7,0.48,1.82,161.5598885793872
wine_2,12.84,4.92,0.6,2.15,199.32432432432432
wine_2,12.93,4.6,0.5,2.31,213.52313167259786
wine_2,13.36,5.6,0.5,2.47,304.6875
wine_2,13.52,4.35,0.52,2.06,164.0378548895899
wine_2,13.62,4.4,0.8,2.05,111.1111111111111
wine_2,12.25,8.21,0.78,2.0,220.36082474226805
wine_2,13.16,4.0,0.55,1.68,232.49299719887955
wine_2,13.88,4.9,0.34,1.33,82.34126984126983
wine_2,12.87,7.65,0.65,1.86,135.57483731019522
wine_2,13.32,8.42,0.76,1.62,200.61728395061726
wine_2,13.08,9.4,1.39,1.33,141.02564102564102
wine_2,13.5,8.6,1.57,1.3,160.25641025641025
wine_2,12.79,10.8,1.36,1.47,179.77528089887642
wine_2,13.11,7.1,1.28,1.33,223.6842105263158
wine_2,13.23,10.52,0.83,1.51,204.54545454545456
wine_2,12.58,7.6,0.58,1.55,496.1240310077519
wine_2,13.17,7.9,0.63,1.48,139.6917148362235
wine_2,13.84,9.01,0.83,1.64,116.50485436893203
wine_2,12.45,7.5,0.58,1.73,290.42904290429044
wine_2,14.34,13.0,1.31,1.96,392.8571428571429
wine_2,13.48,11.75,1.1,1.78,371.25748502994014
wine_2,12.36,7.65,0.92,1.58,135.77023498694516
wine_2,13.69,5.88,0.56,1.82,208.58895705521473
wine_2,12.85,5.58,0.6,2.11,174.3119266055046
wine_2,12.96,5.28,0.7,1.75,195.65217391304347
wine_2,13.78,9.58,0.68,1.68,222.82608695652175
wine_2,13.73,6.62,0.47,1.75,119.26605504587155
wine_2,13.45,10.68,0.92,1.56,187.83783783783784
wine_2,12.82,10.26,0.66,1.75,203.2640949554896
wine_2,13.58,8.66,0.84,1.8,290.69767441860466
wine_2,13.4,8.5,0.96,1.92,136.95652173913044
wine_2,12.2,5.5,0.49,1.83,168.31683168316832
wine_2,12.77,9.9,0.51,1.63,196.65271966527195
wine_2,14.16,9.7,0.7,1.71,262.9482071713148
wine_2,13.71,7.7,0.61,1.74,130.97345132743362
wine_2,13.4,7.3,0.75,1.56,191.8158567774936
wine_2,13.27,10.2,0.69,1.56,195.09345794392522
wine_2,13.17,9.3,0.68,1.62,324.3243243243243
wine_2,14.13,9.2,0.76,1.6,136.58536585365854
