Temperature [C],Specific Growth Rate [h^-1]
32.0,0.0229
13.0,0.0024
2.0,0.0009
1.0,0.0015
41.0,0.0
46.0,0.0
30.0,0.0239
36.0,0.028
27.0,0.0171
47.0,0.0009
41.0,0.0
0.0,0.0006
43.0,0.0
2.0,0.0002
36.0,0.0299
9.0,0.0022
43.0,0.001
27.0,0.0169
15.0,0.0077
21.0,0.0121
1.0,0.0013
6.0,0.0027
34.0,0.0286
32.0,0.0269
31.0,0.0234
19.0,0.0069
50.0,0.0
49.0,0.0
34.0,0.0263
33.0,0.0263
34.0,0.0277
19.0,0.0078
7.0,0.0
36.0,0.0304
26.0,0.0175
16.0,0.0079
24.0,0.0145
44.0,0.0016
47.0,0.0021
18.0,0.0096
29.0,0.0165
16.0,0.0082
30.0,0.0222
17.0,0.0077
20.0,0.01
45.0,0.0006
11.0,0.0037
31.0,0.0233
4.0,0.0
42.0,0.0
39.0,0.0126
12.0,0.0051
44.0,0.0
3.0,0.0003
17.0,0.0057
8.0,0.0006
23.0,0.0125
40.0,0.0025
12.0,0.0037
3.0,0.0
20.0,0.0083
10.0,0.0
5.0,0.0013
29.0,0.0203
15.0,0.0047
34.0,0.0271
10.0,0.0052
47.0,0.0
18.0,0.0083
5.0,0.0
31.0,0.0268
46.0,0.0014
22.0,0.0135
48.0,0.0001
25.0,0.0168
21.0,0.0117
31.0,0.0245
50.0,0.0
47.0,0.0
23.0,0.0146
38.0,0.0244
25.0,0.0149
26.0,0.0169
39.0,0.0133
21.0,0.0115
37.0,0.0295
36.0,0.0291
47.0,0.0008
6.0,0.0001
36.0,0.0321
46.0,0.0005
48.0,0.0
1.0,0.0
43.0,0.0
49.0,0.0016
48.0,0.0
7.0,0.0009
49.0,0.0025
44.0,0.0
41.0,0.0
