Batch ID,Time [h],Glucose [g/L],Biomass [g/L]
1,0.0,10.101,0.615
1,1.0,9.804,0.325
1,2.0,10.293,0.0
1,3.0,9.679,0.01
1,4.0,8.896,0.924
1,5.0,9.224,0.744
1,6.0,9.414,0.9
1,7.0,8.31,1.484
1,8.0,5.797,2.183
1,9.0,3.609,2.472
1,10.0,1.591,3.887
1,11.0,0.033,5.081
1,12.0,0.0,4.782
1,13.0,0.0,4.921
1,14.0,0.0,5.466
1,15.0,0.0,4.539
1,16.0,0.0,5.668
1,17.0,0.0,5.625
1,18.0,0.329,4.168
1,19.0,0.834,4.771
1,20.0,0.0,4.94
1,21.0,1.093,4.476
1,22.0,0.0,4.46
1,23.0,0.281,4.637
1,24.0,0.723,5.003
2,0.0,10.075,0.0
2,1.0,9.226,1.016
2,2.0,8.825,0.532
2,3.0,8.822,0.56
2,4.0,8.823,1.446
2,5.0,7.054,1.505
2,6.0,6.553,1.965
2,7.0,4.928,2.508
2,8.0,3.059,4.561
2,9.0,0.172,5.452
2,10.0,0.284,5.022
2,11.0,0.0,4.448
2,12.0,0.0,5.201
2,13.0,0.627,4.571
2,14.0,1.195,4.318
2,15.0,0.0,4.866
2,16.0,1.211,5.064
2,17.0,1.077,5.438
2,18.0,0.625,5.016
2,19.0,0.212,5.199
2,20.0,0.0,4.365
2,21.0,1.166,4.821
2,22.0,1.568,4.855
2,23.0,1.441,5.126
2,24.0,1.052,4.804
3,0.0,10.286,0.621
3,1.0,8.764,0.232
3,2.0,9.339,0.767
3,3.0,9.305,1.067
3,4.0,6.934,0.806
3,5.0,7.095,1.959
3,6.0,5.394,2.614
3,7.0,3.084,3.228
3,8.0,0.0,5.609
3,9.0,0.0,5.057
3,10.0,0.0,4.835
3,11.0,0.0,4.999
3,12.0,1.391,5.178
3,13.0,0.0,5.699
3,14.0,0.263,5.006
3,15.0,0.0,5.235
3,16.0,1.267,5.57
3,17.0,1.056,5.21
3,18.0,0.507,5.398
3,19.0,0.0,4.757
3,20.0,0.042,5.229
3,21.0,0.547,4.875
3,22.0,0.803,5.301
3,23.0,0.0,4.449
3,24.0,1.458,4.514
4,0.0,8.944,0.906
4,1.0,9.112,0.499
4,2.0,9.871,0.69
4,3.0,8.411,1.234
4,4.0,8.882,1.467
4,5.0,5.84,3.058
4,6.0,2.858,3.176
4,7.0,0.0,5.197
4,8.0,0.0,5.445
4,9.0,0.0,5.239
4,10.0,0.504,4.934
4,11.0,0.465,4.882
4,12.0,1.036,5.372
4,13.0,0.0,4.765
4,14.0,1.351,5.408
4,15.0,0.0,4.517
4,16.0,1.26,4.878
4,17.0,0.0,5.088
4,18.0,0.0,4.549
4,19.0,0.2,5.283
4,20.0,0.825,4.991
4,21.0,0.129,4.56
4,22.0,0.0,4.342
4,23.0,0.0,4.3
4,24.0,0.0,4.919
5,0.0,10.402,0.039
5,1.0,10.344,0.177
5,2.0,8.772,0.949
5,3.0,7.103,2.414
5,4.0,7.29,2.292
5,5.0,3.568,3.472
5,6.0,1.114,4.688
5,7.0,0.497,5.731
5,8.0,0.0,4.857
5,9.0,0.309,5.193
5,10.0,0.0,5.442
5,11.0,0.087,5.304
5,12.0,0.0,5.208
5,13.0,0.162,4.994
5,14.0,0.555,5.129
5,15.0,0.0,4.897
5,16.0,1.137,4.215
5,17.0,0.581,4.678
5,18.0,0.675,5.319
5,19.0,0.932,5.724
5,20.0,0.63,5.801
5,21.0,0.675,5.091
5,22.0,0.06,5.383
5,23.0,0.0,5.364
5,24.0,0.0,4.701
6,0.0,19.384,0.0
6,1.0,18.778,0.153
6,2.0,20.005,0.0
6,3.0,19.175,0.154
6,4.0,18.568,0.641
6,5.0,18.222,0.0
6,6.0,18.793,0.814
6,7.0,18.186,1.63
6,8.0,17.989,1.757
6,9.0,15.534,2.504
6,10.0,14.383,3.641
6,11.0,11.777,5.399
6,12.0,7.326,6.864
6,13.0,0.0,10.323
6,14.0,0.983,9.89
6,15.0,0.272,9.649
6,16.0,0.339,9.943
6,17.0,0.297,9.526
6,18.0,0.306,9.492
6,19.0,0.256,9.429
6,20.0,0.0,8.708
6,21.0,0.0,9.617
6,22.0,0.0,9.023
6,23.0,0.0,9.437
6,24.0,0.864,10.01
7,0.0,19.769,0.0
7,1.0,19.899,0.067
7,2.0,18.915,0.944
7,3.0,18.851,0.783
7,4.0,18.773,1.189
7,5.0,16.916,0.993
7,6.0,17.379,1.909
7,7.0,15.671,2.018
7,8.0,12.818,3.004
7,9.0,8.963,4.934
7,10.0,7.059,6.545
7,11.0,0.248,10.13
7,12.0,0.0,10.97
7,13.0,0.0,9.295
7,14.0,1.453,9.618
7,15.0,0.0,10.315
7,16.0,0.069,9.761
7,17.0,0.0,10.233
7,18.0,1.318,9.318
7,19.0,0.734,9.805
7,20.0,0.854,9.564
7,21.0,0.038,9.632
7,22.0,0.733,9.661
7,23.0,0.297,8.995
7,24.0,0.491,9.006
8,0.0,19.878,0.858
8,1.0,18.569,0.541
8,2.0,20.215,0.642
8,3.0,17.338,0.831
8,4.0,17.976,1.345
8,5.0,16.98,1.247
8,6.0,14.845,2.032
8,7.0,14.058,3.991
8,8.0,10.342,5.043
8,9.0,5.649,7.544
8,10.0,0.416,9.92
8,11.0,0.0,10.659
8,12.0,1.111,10.198
8,13.0,0.281,10.201
8,14.0,0.0,10.178
8,15.0,0.0,9.592
8,16.0,0.0,9.116
8,17.0,0.869,9.383
8,18.0,0.0,10.412
8,19.0,0.0,10.233
8,20.0,1.315,9.527
8,21.0,0.0,9.497
8,22.0,0.0,9.982
8,23.0,0.0,9.454
8,24.0,0.469,8.956
9,0.0,19.469,0.905
9,1.0,19.173,0.755
9,2.0,17.905,0.0
9,3.0,19.096,1.008
9,4.0,18.196,1.664
9,5.0,15.795,2.477
9,6.0,14.331,3.321
9,7.0,10.3,4.42
9,8.0,6.758,6.698
9,9.0,2.074,9.903
9,10.0,0.109,10.113
9,11.0,1.848,10.021
9,12.0,0.0,10.617
9,13.0,0.464,9.691
9,14.0,0.0,9.878
9,15.0,0.453,9.157
9,16.0,0.0,10.134
9,17.0,0.0,10.198
9,18.0,0.0,10.038
9,19.0,2.453,10.136
9,20.0,0.0,9.897
9,21.0,0.0,9.81
9,22.0,0.0,9.814
9,23.0,0.542,9.47
9,24.0,0.0,10.003
10,0.0,21.088,0.361
10,1.0,20.382,0.124
10,2.0,18.863,1.339
10,3.0,17.761,2.155
10,4.0,16.128,1.63
10,5.0,14.64,2.825
10,6.0,11.522,3.826
10,7.0,10.018,5.746
10,8.0,4.946,8.57
10,9.0,0.0,9.845
10,10.0,0.0,10.177
10,11.0,0.0,9.653
10,12.0,0.0,9.959
10,13.0,0.0,9.662
10,14.0,0.0,9.662
10,15.0,1.038,9.348
10,16.0,0.0,10.47
10,17.0,0.684,10.137
10,18.0,0.0,9.121
10,19.0,1.409,9.597
10,20.0,0.159,9.519
10,21.0,0.0,9.462
10,22.0,2.042,9.112
10,23.0,0.0,9.941
10,24.0,0.0,9.434
11,0.0,40.162,0.287
11,1.0,39.895,0.346
11,2.0,40.679,0.734
11,3.0,38.951,0.0
11,4.0,40.145,1.039
11,5.0,39.927,0.978
11,6.0,38.361,0.872
11,7.0,38.548,1.829
11,8.0,37.096,1.284
11,9.0,38.736,1.973
11,10.0,35.054,1.963
11,11.0,33.536,3.555
11,12.0,30.652,4.349
11,13.0,27.865,5.758
11,14.0,23.351,9.14
11,15.0,17.022,11.598
11,16.0,5.538,16.845
11,17.0,0.0,19.682
11,18.0,0.0,19.362
11,19.0,0.0,19.776
11,20.0,2.205,19.761
11,21.0,0.833,19.511
11,22.0,0.0,18.332
11,23.0,0.0,19.579
11,24.0,0.0,18.941
12,0.0,39.983,0.0
12,1.0,39.88,0.514
12,2.0,39.056,0.596
12,3.0,38.347,0.091
12,4.0,40.138,1.678
12,5.0,38.847,0.463
12,6.0,37.481,0.601
12,7.0,36.635,1.309
12,8.0,35.052,2.993
12,9.0,31.276,3.268
12,10.0,31.138,4.46
12,11.0,26.556,6.372
12,12.0,21.422,8.715
12,13.0,14.143,12.41
12,14.0,3.86,18.043
12,15.0,0.0,20.123
12,16.0,0.0,20.149
12,17.0,0.512,19.222
12,18.0,0.603,19.64
12,19.0,0.0,19.762
12,20.0,0.45,18.92
12,21.0,0.0,19.054
12,22.0,0.241,18.744
12,23.0,0.0,18.548
12,24.0,0.666,19.009
13,0.0,40.963,0.007
13,1.0,40.289,0.661
13,2.0,39.923,0.546
13,3.0,36.045,0.925
13,4.0,38.706,0.922
13,5.0,37.702,1.168
13,6.0,36.537,1.91
13,7.0,34.68,2.668
13,8.0,33.187,3.394
13,9.0,30.621,5.25
13,10.0,26.051,7.362
13,11.0,20.109,9.976
13,12.0,12.961,14.788
13,13.0,0.0,19.759
13,14.0,0.824,20.12
13,15.0,0.141,19.649
13,16.0,0.0,19.808
13,17.0,0.0,19.284
13,18.0,0.0,19.962
13,19.0,0.54,19.49
13,20.0,0.278,19.798
13,21.0,0.0,18.722
13,22.0,0.0,18.934
13,23.0,0.241,18.679
13,24.0,0.766,18.729
14,0.0,39.909,0.124
14,1.0,40.04,0.497
14,2.0,39.0,0.737
14,3.0,38.803,0.999
14,4.0,37.76,1.167
14,5.0,37.188,1.974
14,6.0,34.312,2.954
14,7.0,34.048,3.223
14,8.0,30.576,4.948
14,9.0,27.136,6.845
14,10.0,20.974,9.822
14,11.0,13.287,13.66
14,12.0,0.0,19.77
14,13.0,0.951,19.624
14,14.0,0.0,19.928
14,15.0,0.0,19.452
14,16.0,0.189,19.927
14,17.0,1.17,19.581
14,18.0,0.223,19.541
14,19.0,0.0,19.072
14,20.0,0.0,19.65
14,21.0,0.0,19.51
14,22.0,0.0,19.481
14,23.0,1.352,19.931
14,24.0,0.498,18.927
15,0.0,38.777,0.98
15,1.0,41.252,0.633
15,2.0,38.81,1.087
15,3.0,37.731,1.416
15,4.0,38.666,1.842
15,5.0,36.14,2.642
15,6.0,34.08,3.148
15,7.0,32.034,4.523
15,8.0,29.001,6.461
15,9.0,24.086,9.425
15,10.0,14.87,12.0
15,11.0,6.594,17.029
15,12.0,0.757,19.959
15,13.0,0.0,20.088
15,14.0,0.0,20.021
15,15.0,0.0,19.889
15,16.0,0.099,20.225
15,17.0,0.0,20.043
15,18.0,0.0,19.536
15,19.0,0.649,19.272
15,20.0,0.292,19.224
15,21.0,0.0,19.123
15,22.0,0.587,19.079
15,23.0,1.094,18.447
15,24.0,0.0,18.794
16,0.0,79.517,0.0
16,1.0,80.695,0.054
16,2.0,80.439,0.066
16,3.0,79.946,0.483
16,4.0,80.567,0.066
16,5.0,78.601,0.184
16,6.0,78.076,0.68
16,7.0,78.289,0.505
16,8.0,78.723,0.86
16,9.0,77.525,1.268
16,10.0,77.172,1.464
16,11.0,76.002,1.778
16,12.0,75.273,2.098
16,13.0,73.643,3.096
16,14.0,73.011,3.743
16,15.0,71.082,4.586
16,16.0,67.06,6.201
16,17.0,63.281,7.737
16,18.0,57.6,10.484
16,19.0,51.126,13.735
16,20.0,40.452,19.291
16,21.0,26.621,27.496
16,22.0,1.097,38.268
16,23.0,0.29,39.621
16,24.0,0.355,39.11
17,0.0,79.712,0.0
17,1.0,80.348,0.792
17,2.0,78.577,0.565
17,3.0,81.225,0.0
17,4.0,78.2,0.971
17,5.0,79.679,0.291
17,6.0,77.617,0.858
17,7.0,78.879,1.468
17,8.0,76.929,1.435
17,9.0,76.426,2.461
17,10.0,75.121,2.917
17,11.0,74.364,2.768
17,12.0,71.134,4.235
17,13.0,66.259,5.889
17,14.0,64.363,7.346
17,15.0,60.207,9.901
17,16.0,53.027,13.589
17,17.0,44.713,17.96
17,18.0,31.58,24.027
17,19.0,10.393,34.448
17,20.0,0.0,39.227
17,21.0,1.107,38.79
17,22.0,0.866,38.627
17,23.0,0.0,38.997
17,24.0,1.687,38.678
18,0.0,79.721,0.302
18,1.0,78.912,0.0
18,2.0,79.467,0.427
18,3.0,80.156,0.233
18,4.0,78.16,0.466
18,5.0,79.972,1.013
18,6.0,77.048,0.844
18,7.0,77.69,2.075
18,8.0,76.271,3.334
18,9.0,74.288,3.225
18,10.0,73.412,3.54
18,11.0,68.897,5.05
18,12.0,67.942,6.13
18,13.0,62.478,8.723
18,14.0,56.251,11.947
18,15.0,49.25,15.929
18,16.0,38.15,20.866
18,17.0,21.158,29.651
18,18.0,1.6,40.091
18,19.0,0.865,40.133
18,20.0,1.027,38.957
18,21.0,0.0,38.695
18,22.0,0.085,38.868
18,23.0,0.45,37.485
18,24.0,0.0,38.247
19,0.0,80.241,0.292
19,1.0,80.104,0.333
19,2.0,80.131,0.036
19,3.0,78.978,0.764
19,4.0,78.265,0.804
19,5.0,77.215,1.743
19,6.0,76.3,1.499
19,7.0,76.825,2.304
19,8.0,74.351,3.045
19,9.0,73.126,4.307
19,10.0,68.929,4.307
19,11.0,65.068,6.83
19,12.0,61.308,9.465
19,13.0,57.015,11.99
19,14.0,48.617,15.622
19,15.0,36.215,22.173
19,16.0,17.751,30.825
19,17.0,0.0,39.622
19,18.0,0.0,39.07
19,19.0,0.0,39.04
19,20.0,0.0,39.014
19,21.0,0.0,38.595
19,22.0,0.0,37.984
19,23.0,1.213,38.249
19,24.0,0.129,38.339
20,0.0,81.121,0.298
20,1.0,79.388,0.616
20,2.0,79.117,0.867
20,3.0,75.703,1.434
20,4.0,78.55,2.272
20,5.0,77.781,2.095
20,6.0,77.668,1.776
20,7.0,74.452,1.972
20,8.0,73.063,3.902
20,9.0,69.99,5.162
20,10.0,66.394,6.252
20,11.0,62.472,8.93
20,12.0,56.973,11.362
20,13.0,50.378,15.739
20,14.0,38.078,20.966
20,15.0,20.921,29.392
20,16.0,0.114,39.171
20,17.0,0.174,39.492
20,18.0,0.0,39.41
20,19.0,0.915,38.704
20,20.0,0.0,39.826
20,21.0,0.0,38.666
20,22.0,0.532,39.242
20,23.0,0.0,38.23
20,24.0,0.289,38.211
